Comment,Designator,Footprint,LCSC Part #
10u 25V,C1,C_0805_2012Metric,C15850
100n,"C10,C5,C7,C8,C9",C_0603_1608Metric,C14663
18p,"C11,C12",C_0603_1608Metric,C1647
22u,C2,C_0805_2012Metric,C784585
10u,C4,C_0805_2012Metric,C15850
SMF13A,D1,D_SOD-123F,C353315
PTC 100mA,F1,Fuse_1206_3216Metric,C70065
WAGO 2060-452 battery+,J1,WAGO_2060-452,C2765055
to keypad header,J3,PinSocket_1x03_P2.54mm_Vertical,C42431866
Membrane keypad,J4,PinHeader_1x03_P2.54mm_Horizontal,C92159
Solar M+ M-,J5,PinHeader_1x03_P2.54mm_Horizontal,C92159
2.2u,L1,L_1008_2520Metric,C237482
AO3407A,Q1,SOT-23,C15155
10,R1,R_0603_1608Metric,C22859
1M,"R12,R14,R16,R18",R_0603_1608Metric,C22935
220k,"R13,R15,R17,R19",R_0603_1608Metric,C22961
64.9k,R2,R_0603_1608Metric,C2960807
100k,R5,R_0603_1608Metric,C25803
1k,"R8,R9",R_0603_1608Metric,C21190
TPS629203DRLR,U1,SOT-583-8,C5219295
32.768k,Y1,Crystal_SMD_3215-2Pin_3.2x1.5mm,C620155
