Designator,Mid X,Mid Y,Layer,Rotation
C1,123.800mm,-98.800mm,Top,90
C10,117.900mm,-109.550mm,Top,0
C11,132.400mm,-108.900mm,Top,90
C12,134.200mm,-108.900mm,Top,90
C2,124.900mm,-102.900mm,Top,90
C4,117.900mm,-106.200mm,Top,180
C5,121.300mm,-106.200mm,Top,0
C7,117.900mm,-111.150mm,Top,0
C8,117.900mm,-112.750mm,Top,0
C9,117.900mm,-107.950mm,Top,0
D1,118.100mm,-102.600mm,Top,90
F1,147.000mm,-107.300mm,Top,0
J1,149.750mm,-99.500mm,Top,-90
J3,149.000mm,-112.460mm,Bottom,180
J4,145.000mm,-117.540mm,Top,180
J5,124.200mm,-94.400mm,Top,90
L1,121.500mm,-103.300mm,Top,0
Q1,151.800mm,-107.600mm,Top,0
R1,117.600mm,-98.600mm,Top,90
R12,124.100mm,-111.150mm,Top,180
R13,121.000mm,-111.150mm,Top,0
R14,124.100mm,-112.750mm,Top,180
R15,121.000mm,-112.750mm,Top,0
R16,124.100mm,-107.950mm,Top,180
R17,121.000mm,-107.950mm,Top,0
R18,124.100mm,-109.550mm,Top,180
R19,121.000mm,-109.550mm,Top,0
R2,119.100mm,-98.600mm,Top,90
R5,147.000mm,-109.400mm,Top,0
R8,140.900mm,-109.600mm,Top,0
R9,143.900mm,-109.600mm,Top,0
U1,121.500mm,-98.800mm,Top,0
Y1,134.000mm,-106.100mm,Top,0
